{
  "mean": [
    20.140466690063477,
    13.580855369567871,
    0.96875,
    63.99456787109375,
    11.838785171508789,
    158.9715576171875,
    1012.3839111328125,
    10.2001371383667
  ],
  "std": [
    5.5896992683410645,
    5.383492946624756,
    0.9837547540664673,
    14.696148872375488,
    4.727964878082275,
    98.26322937011719,
    3.855294942855835,
    3.260385274887085
  ],
  "sequence_days": 7,
  "feature_count": 8,
  "last_trained": "2026-04-18 00:08:03"
}